W200512820,0910708,自排,,0620621
E125780728,0900329,自排,,0620621
F227538958,0781228,自排,,0620621
W100521425,0910502,自排,,0670413
W200503910,0910320,自排,,0670413
U221732641,0841008,自排,,0670413
W200457548,0930115,自排,,0670413
W100570606,0911114,自排,,0740217
W200484376,0910815,自排,,0740217
W200073257,1110304,自排,,0870709
W200483486,0900808,自排,,0870709
H126015670,0920503,自排,,0870709